Model,F1_score,AUC
Logistic Regression,0.5809280233832663,0.8164931111111111
